PassengerId,Survived,Pclass,Name,Sex,Age,SibSp,Parch,Ticket,Fare,Cabin,Embarked,pred
1,0,3,"Braund, Mr. Owen Harris",male,22.0,1,0,A/5 21171,7.25,,S,0
2,1,1,"Cumings, Mrs. John Bradley (Florence Briggs Thayer)",female,38.0,1,0,PC 17599,71.2833,C85,C,1
3,1,3,"Heikkinen, Miss. Laina",female,26.0,0,0,STON/O2. 3101282,7.925,,S,1
4,1,1,"Futrelle, Mrs. Jacques Heath (Lily May Peel)",female,35.0,1,0,113803,53.1,C123,S,1
5,0,3,"Allen, Mr. William Henry",male,35.0,0,0,373450,8.05,,S,0
6,0,3,"Moran, Mr. James",male,,0,0,330877,8.4583,,Q,0
8,0,3,"Palsson, Master. Gosta Leonard",male,2.0,3,1,349909,21.075,,S,0
9,1,3,"Johnson, Mrs. Oscar W (Elisabeth Vilhelmina Berg)",female,27.0,0,2,347742,11.1333,,S,1
11,1,3,"Sandstrom, Miss. Marguerite Rut",female,4.0,1,1,PP 9549,16.7,G6,S,1
12,1,1,"Bonnell, Miss. Elizabeth",female,58.0,0,0,113783,26.55,C103,S,1
13,0,3,"Saundercock, Mr. William Henry",male,20.0,0,0,A/5. 2151,8.05,,S,0
14,0,3,"Andersson, Mr. Anders Johan",male,39.0,1,5,347082,31.275,,S,1
15,0,3,"Vestrom, Miss. Hulda Amanda Adolfina",female,14.0,0,0,350406,7.8542,,S,1
17,0,3,"Rice, Master. Eugene",male,2.0,4,1,382652,29.125,,Q,0
19,0,3,"Vander Planke, Mrs. Julius (Emelia Maria Vandemoortele)",female,31.0,1,0,345763,18.0,,S,1
20,1,3,"Masselmani, Mrs. Fatima",female,,0,0,2649,7.225,,C,1
23,1,3,"McGowan, Miss. Anna ""Annie""",female,15.0,0,0,330923,8.0292,,Q,1
25,0,3,"Palsson, Miss. Torborg Danira",female,8.0,3,1,349909,21.075,,S,1
26,1,3,"Asplund, Mrs. Carl Oscar (Selma Augusta Emilia Johansson)",female,38.0,1,5,347077,31.3875,,S,1
27,0,3,"Emir, Mr. Farred Chehab",male,,0,0,2631,7.225,,C,0
29,1,3,"O'Dwyer, Miss. Ellen ""Nellie""",female,,0,0,330959,7.8792,,Q,1
30,0,3,"Todoroff, Mr. Lalio",male,,0,0,349216,7.8958,,S,0
32,1,1,"Spencer, Mrs. William Augustus (Marie Eugenie)",female,,1,0,PC 17569,146.5208,B78,C,1
33,1,3,"Glynn, Miss. Mary Agatha",female,,0,0,335677,7.75,,Q,1
37,1,3,"Mamee, Mr. Hanna",male,,0,0,2677,7.2292,,C,0
38,0,3,"Cann, Mr. Ernest Charles",male,21.0,0,0,A./5. 2152,8.05,,S,0
39,0,3,"Vander Planke, Miss. Augusta Maria",female,18.0,2,0,345764,18.0,,S,1
40,1,3,"Nicola-Yarred, Miss. Jamila",female,14.0,1,0,2651,11.2417,,C,1
41,0,3,"Ahlin, Mrs. Johan (Johanna Persdotter Larsson)",female,40.0,1,0,7546,9.475,,S,1
43,0,3,"Kraeff, Mr. Theodor",male,,0,0,349253,7.8958,,C,0
45,1,3,"Devaney, Miss. Margaret Delia",female,19.0,0,0,330958,7.8792,,Q,1
46,0,3,"Rogers, Mr. William John",male,,0,0,S.C./A.4. 23567,8.05,,S,0
47,0,3,"Lennon, Mr. Denis",male,,1,0,370371,15.5,,Q,0
48,1,3,"O'Driscoll, Miss. Bridget",female,,0,0,14311,7.75,,Q,1
49,0,3,"Samaan, Mr. Youssef",male,,2,0,2662,21.6792,,C,0
50,0,3,"Arnold-Franchi, Mrs. Josef (Josefine Franchi)",female,18.0,1,0,349237,17.8,,S,1
51,0,3,"Panula, Master. Juha Niilo",male,7.0,4,1,3101295,39.6875,,S,0
52,0,3,"Nosworthy, Mr. Richard Cater",male,21.0,0,0,A/4. 39886,7.8,,S,0
53,1,1,"Harper, Mrs. Henry Sleeper (Myna Haxtun)",female,49.0,1,0,PC 17572,76.7292,D33,C,1
58,0,3,"Novel, Mr. Mansouer",male,28.5,0,0,2697,7.2292,,C,0
60,0,3,"Goodwin, Master. William Frederick",male,11.0,5,2,CA 2144,46.9,,S,0
61,0,3,"Sirayanian, Mr. Orsen",male,22.0,0,0,2669,7.2292,,C,0
62,1,1,"Icard, Miss. Amelie",female,38.0,0,0,113572,80.0,B28,,1
64,0,3,"Skoog, Master. Harald",male,4.0,3,2,347088,27.9,,S,0
66,1,3,"Moubarek, Master. Gerios",male,,1,1,2661,15.2458,,C,0
68,0,3,"Crease, Mr. Ernest James",male,19.0,0,0,S.P. 3464,8.1583,,S,0
69,1,3,"Andersson, Miss. Erna Alexandra",female,17.0,4,2,3101281,7.925,,S,1
70,0,3,"Kink, Mr. Vincenz",male,26.0,2,0,315151,8.6625,,S,0
72,0,3,"Goodwin, Miss. Lillian Amy",female,16.0,5,2,CA 2144,46.9,,S,1
74,0,3,"Chronopoulos, Mr. Apostolos",male,26.0,1,0,2680,14.4542,,C,0
75,1,3,"Bing, Mr. Lee",male,32.0,0,0,1601,56.4958,,S,0
76,0,3,"Moen, Mr. Sigurd Hansen",male,25.0,0,0,348123,7.65,F G73,S,0
77,0,3,"Staneff, Mr. Ivan",male,,0,0,349208,7.8958,,S,0
78,0,3,"Moutal, Mr. Rahamin Haim",male,,0,0,374746,8.05,,S,0
80,1,3,"Dowdell, Miss. Elizabeth",female,30.0,0,0,364516,12.475,,S,1
81,0,3,"Waelens, Mr. Achille",male,22.0,0,0,345767,9.0,,S,0
82,1,3,"Sheerlinck, Mr. Jan Baptist",male,29.0,0,0,345779,9.5,,S,0
83,1,3,"McDermott, Miss. Brigdet Delia",female,,0,0,330932,7.7875,,Q,1
86,1,3,"Backstrom, Mrs. Karl Alfred (Maria Mathilda Gustafsson)",female,33.0,3,0,3101278,15.85,,S,1
87,0,3,"Ford, Mr. William Neal",male,16.0,1,3,W./C. 6608,34.375,,S,0
88,0,3,"Slocovski, Mr. Selman Francis",male,,0,0,SOTON/OQ 392086,8.05,,S,0
89,1,1,"Fortune, Miss. Mabel Helen",female,23.0,3,2,19950,263.0,C23 C25 C27,S,1
90,0,3,"Celotti, Mr. Francesco",male,24.0,0,0,343275,8.05,,S,0
91,0,3,"Christmann, Mr. Emil",male,29.0,0,0,343276,8.05,,S,0
92,0,3,"Andreasson, Mr. Paul Edvin",male,20.0,0,0,347466,7.8542,,S,0
94,0,3,"Dean, Mr. Bertram Frank",male,26.0,1,2,C.A. 2315,20.575,,S,0
95,0,3,"Coxon, Mr. Daniel",male,59.0,0,0,364500,7.25,,S,0
96,0,3,"Shorney, Mr. Charles Joseph",male,,0,0,374910,8.05,,S,0
101,0,3,"Petranec, Miss. Matilda",female,28.0,0,0,349245,7.8958,,S,1
102,0,3,"Petroff, Mr. Pastcho (""Pentcho"")",male,,0,0,349215,7.8958,,S,0
104,0,3,"Johansson, Mr. Gustaf Joel",male,33.0,0,0,7540,8.6542,,S,0
105,0,3,"Gustafsson, Mr. Anders Vilhelm",male,37.0,2,0,3101276,7.925,,S,0
106,0,3,"Mionoff, Mr. Stoytcho",male,28.0,0,0,349207,7.8958,,S,0
107,1,3,"Salkjelsvik, Miss. Anna Kristine",female,21.0,0,0,343120,7.65,,S,1
108,1,3,"Moss, Mr. Albert Johan",male,,0,0,312991,7.775,,S,0
109,0,3,"Rekic, Mr. Tido",male,38.0,0,0,349249,7.8958,,S,0
110,1,3,"Moran, Miss. Bertha",female,,1,0,371110,24.15,,Q,1
112,0,3,"Zabour, Miss. Hileni",female,14.5,1,0,2665,14.4542,,C,1
113,0,3,"Barton, Mr. David John",male,22.0,0,0,324669,8.05,,S,0
114,0,3,"Jussila, Miss. Katriina",female,20.0,1,0,4136,9.825,,S,1
115,0,3,"Attalah, Miss. Malake",female,17.0,0,0,2627,14.4583,,C,1
116,0,3,"Pekoniemi, Mr. Edvard",male,21.0,0,0,STON/O 2. 3101294,7.925,,S,0
117,0,3,"Connors, Mr. Patrick",male,70.5,0,0,370369,7.75,,Q,0
120,0,3,"Andersson, Miss. Ellis Anna Maria",female,2.0,4,2,347082,31.275,,S,1
122,0,3,"Moore, Mr. Leonard Charles",male,,0,0,A4. 54510,8.05,,S,0
126,1,3,"Nicola-Yarred, Master. Elias",male,12.0,1,0,2651,11.2417,,C,0
127,0,3,"McMahon, Mr. Martin",male,,0,0,370372,7.75,,Q,0
128,1,3,"Madsen, Mr. Fridtjof Arne",male,24.0,0,0,C 17369,7.1417,,S,0
129,1,3,"Peter, Miss. Anna",female,,1,1,2668,22.3583,F E69,C,1
130,0,3,"Ekstrom, Mr. Johan",male,45.0,0,0,347061,6.975,,S,0
131,0,3,"Drazenoic, Mr. Jozef",male,33.0,0,0,349241,7.8958,,C,0
132,0,3,"Coelho, Mr. Domingos Fernandeo",male,20.0,0,0,SOTON/O.Q. 3101307,7.05,,S,0
133,0,3,"Robins, Mrs. Alexander A (Grace Charity Laury)",female,47.0,1,0,A/5. 3337,14.5,,S,1
137,1,1,"Newsom, Miss. Helen Monypeny",female,19.0,0,2,11752,26.2833,D47,S,1
139,0,3,"Osen, Mr. Olaf Elon",male,16.0,0,0,7534,9.2167,,S,0
141,0,3,"Boulos, Mrs. Joseph (Sultana)",female,,0,2,2678,15.2458,,C,1
142,1,3,"Nysten, Miss. Anna Sofia",female,22.0,0,0,347081,7.75,,S,1
143,1,3,"Hakkarainen, Mrs. Pekka Pietari (Elin Matilda Dolck)",female,24.0,1,0,STON/O2. 3101279,15.85,,S,1
144,0,3,"Burke, Mr. Jeremiah",male,19.0,0,0,365222,6.75,,Q,0
147,1,3,"Andersson, Mr. August Edvard (""Wennerstrom"")",male,27.0,0,0,350043,7.7958,,S,0
148,0,3,"Ford, Miss. Robina Maggie ""Ruby""",female,9.0,2,2,W./C. 6608,34.375,,S,1
152,1,1,"Pears, Mrs. Thomas (Edith Wearne)",female,22.0,1,0,113776,66.6,C2,S,1
153,0,3,"Meo, Mr. Alfonzo",male,55.5,0,0,A.5. 11206,8.05,,S,0
154,0,3,"van Billiard, Mr. Austin Blyler",male,40.5,0,2,A/5. 851,14.5,,S,0
155,0,3,"Olsen, Mr. Ole Martin",male,,0,0,Fa 265302,7.3125,,S,0
157,1,3,"Gilnagh, Miss. Katherine ""Katie""",female,16.0,0,0,35851,7.7333,,Q,1
158,0,3,"Corn, Mr. Harry",male,30.0,0,0,SOTON/OQ 392090,8.05,,S,0
159,0,3,"Smiljanic, Mr. Mile",male,,0,0,315037,8.6625,,S,0
160,0,3,"Sage, Master. Thomas Henry",male,,8,2,CA. 2343,69.55,,S,1
161,0,3,"Cribb, Mr. John Hatfield",male,44.0,0,1,371362,16.1,,S,0
163,0,3,"Bengtsson, Mr. John Viktor",male,26.0,0,0,347068,7.775,,S,0
164,0,3,"Calic, Mr. Jovo",male,17.0,0,0,315093,8.6625,,S,0
165,0,3,"Panula, Master. Eino Viljami",male,1.0,4,1,3101295,39.6875,,S,0
166,1,3,"Goldsmith, Master. Frank John William ""Frankie""",male,9.0,0,2,363291,20.525,,S,0
167,1,1,"Chibnall, Mrs. (Edith Martha Bowerman)",female,,0,1,113505,55.0,E33,S,1
168,0,3,"Skoog, Mrs. William (Anna Bernhardina Karlsson)",female,45.0,1,4,347088,27.9,,S,1
170,0,3,"Ling, Mr. Lee",male,28.0,0,0,1601,56.4958,,S,0
172,0,3,"Rice, Master. Arthur",male,4.0,4,1,382652,29.125,,Q,0
173,1,3,"Johnson, Miss. Eleanor Ileen",female,1.0,1,1,347742,11.1333,,S,1
174,0,3,"Sivola, Mr. Antti Wilhelm",male,21.0,0,0,STON/O 2. 3101280,7.925,,S,0
176,0,3,"Klasen, Mr. Klas Albin",male,18.0,1,1,350404,7.8542,,S,0
177,0,3,"Lefebre, Master. Henry Forbes",male,,3,1,4133,25.4667,,S,0
178,0,1,"Isham, Miss. Ann Elizabeth",female,50.0,0,0,PC 17595,28.7125,C49,C,1
180,0,3,"Leonard, Mr. Lionel",male,36.0,0,0,LINE,0.0,,S,0
181,0,3,"Sage, Miss. Constance Gladys",female,,8,2,CA. 2343,69.55,,S,1
183,0,3,"Asplund, Master. Clarence Gustaf Hugo",male,9.0,4,2,347077,31.3875,,S,0
185,1,3,"Kink-Heilmann, Miss. Luise Gretchen",female,4.0,0,2,315153,22.025,,S,1
187,1,3,"O'Brien, Mrs. Thomas (Johanna ""Hannah"" Godfrey)",female,,1,0,370365,15.5,,Q,1
189,0,3,"Bourke, Mr. John",male,40.0,1,1,364849,15.5,,Q,0
190,0,3,"Turcin, Mr. Stjepan",male,36.0,0,0,349247,7.8958,,S,0
193,1,3,"Andersen-Jensen, Miss. Carla Christine Nielsine",female,19.0,1,0,350046,7.8542,,S,1
195,1,1,"Brown, Mrs. James Joseph (Margaret Tobin)",female,44.0,0,0,PC 17610,27.7208,B4,C,1
196,1,1,"Lurette, Miss. Elise",female,58.0,0,0,PC 17569,146.5208,B80,C,1
197,0,3,"Mernagh, Mr. Robert",male,,0,0,368703,7.75,,Q,0
198,0,3,"Olsen, Mr. Karl Siegwart Andreas",male,42.0,0,1,4579,8.4042,,S,0
199,1,3,"Madigan, Miss. Margaret ""Maggie""",female,,0,0,370370,7.75,,Q,1
201,0,3,"Vande Walle, Mr. Nestor Cyriel",male,28.0,0,0,345770,9.5,,S,0
202,0,3,"Sage, Mr. Frederick",male,,8,2,CA. 2343,69.55,,S,1
203,0,3,"Johanson, Mr. Jakob Alfred",male,34.0,0,0,3101264,6.4958,,S,0
204,0,3,"Youseff, Mr. Gerious",male,45.5,0,0,2628,7.225,,C,0
205,1,3,"Cohen, Mr. Gurshon ""Gus""",male,18.0,0,0,A/5 3540,8.05,,S,0
206,0,3,"Strom, Miss. Telma Matilda",female,2.0,0,1,347054,10.4625,G6,S,1
207,0,3,"Backstrom, Mr. Karl Alfred",male,32.0,1,0,3101278,15.85,,S,0
208,1,3,"Albimona, Mr. Nassef Cassem",male,26.0,0,0,2699,18.7875,,C,0
209,1,3,"Carr, Miss. Helen ""Ellen""",female,16.0,0,0,367231,7.75,,Q,1
211,0,3,"Ali, Mr. Ahmed",male,24.0,0,0,SOTON/O.Q. 3101311,7.05,,S,0
213,0,3,"Perkin, Mr. John Henry",male,22.0,0,0,A/5 21174,7.25,,S,0
215,0,3,"Kiernan, Mr. Philip",male,,1,0,367229,7.75,,Q,0
216,1,1,"Newell, Miss. Madeleine",female,31.0,1,0,35273,113.275,D36,C,1
217,1,3,"Honkanen, Miss. Eliina",female,27.0,0,0,STON/O2. 3101283,7.925,,S,1
219,1,1,"Bazzani, Miss. Albina",female,32.0,0,0,11813,76.2917,D15,C,1
221,1,3,"Sunderland, Mr. Victor Francis",male,16.0,0,0,SOTON/OQ 392089,8.05,,S,0
223,0,3,"Green, Mr. George Henry",male,51.0,0,0,21440,8.05,,S,0
224,0,3,"Nenkoff, Mr. Christo",male,,0,0,349234,7.8958,,S,0
226,0,3,"Berglund, Mr. Karl Ivar Sven",male,22.0,0,0,PP 4348,9.35,,S,0
228,0,3,"Lovell, Mr. John Hall (""Henry"")",male,20.5,0,0,A/5 21173,7.25,,S,0
230,0,3,"Lefebre, Miss. Mathilde",female,,3,1,4133,25.4667,,S,1
231,1,1,"Harris, Mrs. Henry Birkhardt (Irene Wallach)",female,35.0,1,0,36973,83.475,C83,S,1
232,0,3,"Larsson, Mr. Bengt Edvin",male,29.0,0,0,347067,7.775,,S,0
234,1,3,"Asplund, Miss. Lillian Gertrud",female,5.0,4,2,347077,31.3875,,S,1
236,0,3,"Harknett, Miss. Alice Phoebe",female,,0,0,W./C. 6609,7.55,,S,1
241,0,3,"Zabour, Miss. Thamine",female,,1,0,2665,14.4542,,C,1
242,1,3,"Murphy, Miss. Katherine ""Kate""",female,,1,0,367230,15.5,,Q,1
244,0,3,"Maenpaa, Mr. Matti Alexanteri",male,22.0,0,0,STON/O 2. 3101275,7.125,,S,0
245,0,3,"Attalah, Mr. Sleiman",male,30.0,0,0,2694,7.225,,C,0
247,0,3,"Lindahl, Miss. Agda Thorilda Viktoria",female,25.0,0,0,347071,7.775,,S,1
251,0,3,"Reed, Mr. James George",male,,0,0,362316,7.25,,S,0
252,0,3,"Strom, Mrs. Wilhelm (Elna Matilda Persson)",female,29.0,1,1,347054,10.4625,G6,S,1
254,0,3,"Lobb, Mr. William Arthur",male,30.0,1,0,A/5. 3336,16.1,,S,0
255,0,3,"Rosblom, Mrs. Viktor (Helena Wilhelmina)",female,41.0,0,2,370129,20.2125,,S,1
256,1,3,"Touma, Mrs. Darwis (Hanne Youssef Razi)",female,29.0,0,2,2650,15.2458,,C,1
257,1,1,"Thorne, Mrs. Gertrude Maybelle",female,,0,0,PC 17585,79.2,,C,1
258,1,1,"Cherry, Miss. Gladys",female,30.0,0,0,110152,86.5,B77,S,1
259,1,1,"Ward, Miss. Anna",female,35.0,0,0,PC 17755,512.3292,,C,1
261,0,3,"Smith, Mr. Thomas",male,,0,0,384461,7.75,,Q,0
262,1,3,"Asplund, Master. Edvin Rojj Felix",male,3.0,4,2,347077,31.3875,,S,1
265,0,3,"Henry, Miss. Delia",female,,0,0,382649,7.75,,Q,1
267,0,3,"Panula, Mr. Ernesti Arvid",male,16.0,4,1,3101295,39.6875,,S,0
268,1,3,"Persson, Mr. Ernst Ulrik",male,25.0,1,0,347083,7.775,,S,0
269,1,1,"Graham, Mrs. William Thompson (Edith Junkins)",female,58.0,0,1,PC 17582,153.4625,C125,S,1
270,1,1,"Bissette, Miss. Amelia",female,35.0,0,0,PC 17760,135.6333,C99,S,1
272,1,3,"Tornquist, Mr. William Henry",male,25.0,0,0,LINE,0.0,,S,0
275,1,3,"Healy, Miss. Hanora ""Nora""",female,,0,0,370375,7.75,,Q,1
276,1,1,"Andrews, Miss. Kornelia Theodosia",female,63.0,1,0,13502,77.9583,D7,S,1
277,0,3,"Lindblom, Miss. Augusta Charlotta",female,45.0,0,0,347073,7.75,,S,1
279,0,3,"Rice, Master. Eric",male,7.0,4,1,382652,29.125,,Q,0
280,1,3,"Abbott, Mrs. Stanton (Rosa Hunt)",female,35.0,1,1,C.A. 2673,20.25,,S,1
281,0,3,"Duane, Mr. Frank",male,65.0,0,0,336439,7.75,,Q,0
282,0,3,"Olsson, Mr. Nils Johan Goransson",male,28.0,0,0,347464,7.8542,,S,0
283,0,3,"de Pelsmaeker, Mr. Alfons",male,16.0,0,0,345778,9.5,,S,0
284,1,3,"Dorking, Mr. Edward Arthur",male,19.0,0,0,A/5. 10482,8.05,,S,0
286,0,3,"Stankovic, Mr. Ivan",male,33.0,0,0,349239,8.6625,,C,0
287,1,3,"de Mulder, Mr. Theodore",male,30.0,0,0,345774,9.5,,S,0
288,0,3,"Naidenoff, Mr. Penko",male,22.0,0,0,349206,7.8958,,S,0
290,1,3,"Connolly, Miss. Kate",female,22.0,0,0,370373,7.75,,Q,1
291,1,1,"Barber, Miss. Ellen ""Nellie""",female,26.0,0,0,19877,78.85,,S,1
292,1,1,"Bishop, Mrs. Dickinson H (Helen Walton)",female,19.0,1,0,11967,91.0792,B49,C,1
294,0,3,"Haas, Miss. Aloisia",female,24.0,0,0,349236,8.85,,S,1
295,0,3,"Mineff, Mr. Ivan",male,24.0,0,0,349233,7.8958,,S,0
297,0,3,"Hanna, Mr. Mansour",male,23.5,0,0,2693,7.2292,,C,0
298,0,1,"Allison, Miss. Helen Loraine",female,2.0,1,2,113781,151.55,C22 C26,S,1
300,1,1,"Baxter, Mrs. James (Helene DeLaudeniere Chaput)",female,50.0,0,1,PC 17558,247.5208,B58 B60,C,1
301,1,3,"Kelly, Miss. Anna Katherine ""Annie Kate""",female,,0,0,9234,7.75,,Q,1
302,1,3,"McCoy, Mr. Bernard",male,,2,0,367226,23.25,,Q,0
303,0,3,"Johnson, Mr. William Cahoone Jr",male,19.0,0,0,LINE,0.0,,S,0
305,0,3,"Williams, Mr. Howard Hugh ""Harry""",male,,0,0,A/5 2466,8.05,,S,0
307,1,1,"Fleming, Miss. Margaret",female,,0,0,17421,110.8833,,C,1
308,1,1,"Penasco y Castellana, Mrs. Victor de Satode (Maria Josefa Perez de Soto y Vallejo)",female,17.0,1,0,PC 17758,108.9,C65,C,1
310,1,1,"Francatelli, Miss. Laura Mabel",female,30.0,0,0,PC 17485,56.9292,E36,C,1
311,1,1,"Hays, Miss. Margaret Bechstein",female,24.0,0,0,11767,83.1583,C54,C,1
312,1,1,"Ryerson, Miss. Emily Borie",female,18.0,2,2,PC 17608,262.375,B57 B59 B63 B66,C,1
314,0,3,"Hendekovic, Mr. Ignjac",male,28.0,0,0,349243,7.8958,,S,0
316,1,3,"Nilsson, Miss. Helmina Josefina",female,26.0,0,0,347470,7.8542,,S,1
319,1,1,"Wick, Miss. Mary Natalie",female,31.0,0,2,36928,164.8667,C7,S,1
320,1,1,"Spedden, Mrs. Frederic Oakley (Margaretta Corning Stone)",female,40.0,1,1,16966,134.5,E34,C,1
321,0,3,"Dennis, Mr. Samuel",male,22.0,0,0,A/5 21172,7.25,,S,0
322,0,3,"Danoff, Mr. Yoto",male,27.0,0,0,349219,7.8958,,S,0
325,0,3,"Sage, Mr. George John Jr",male,,8,2,CA. 2343,69.55,,S,1
326,1,1,"Young, Miss. Marie Grice",female,36.0,0,0,PC 17760,135.6333,C32,C,1
327,0,3,"Nysveen, Mr. Johan Hansen",male,61.0,0,0,345364,6.2375,,S,0
329,1,3,"Goldsmith, Mrs. Frank John (Emily Alice Brown)",female,31.0,1,1,363291,20.525,,S,1
330,1,1,"Hippach, Miss. Jean Gertrude",female,16.0,0,1,111361,57.9792,B18,C,1
331,1,3,"McCoy, Miss. Agnes",female,,2,0,367226,23.25,,Q,1
334,0,3,"Vander Planke, Mr. Leo Edmondus",male,16.0,2,0,345764,18.0,,S,0
335,1,1,"Frauenthal, Mrs. Henry William (Clara Heinsheimer)",female,,1,0,PC 17611,133.65,,S,1
336,0,3,"Denkoff, Mr. Mitto",male,,0,0,349225,7.8958,,S,0
338,1,1,"Burns, Miss. Elizabeth Margaret",female,41.0,0,0,16966,134.5,E40,C,1
339,1,3,"Dahl, Mr. Karl Edwart",male,45.0,0,0,7598,8.05,,S,0
342,1,1,"Fortune, Miss. Alice Elizabeth",female,24.0,3,2,19950,263.0,C23 C25 C27,S,1
348,1,3,"Davison, Mrs. Thomas Henry (Mary E Finck)",female,,1,0,386525,16.1,,S,1
349,1,3,"Coutts, Master. William Loch ""William""",male,3.0,1,1,C.A. 37671,15.9,,S,0
350,0,3,"Dimic, Mr. Jovan",male,42.0,0,0,315088,8.6625,,S,0
351,0,3,"Odahl, Mr. Nils Martin",male,23.0,0,0,7267,9.225,,S,0
353,0,3,"Elias, Mr. Tannous",male,15.0,1,1,2695,7.2292,,C,0
354,0,3,"Arnold-Franchi, Mr. Josef",male,25.0,1,0,349237,17.8,,S,0
355,0,3,"Yousif, Mr. Wazli",male,,0,0,2647,7.225,,C,0
356,0,3,"Vanden Steen, Mr. Leo Peter",male,28.0,0,0,345783,9.5,,S,0
357,1,1,"Bowerman, Miss. Elsie Edith",female,22.0,0,1,113505,55.0,E33,S,1
359,1,3,"McGovern, Miss. Mary",female,,0,0,330931,7.8792,,Q,1
360,1,3,"Mockler, Miss. Helen Mary ""Ellie""",female,,0,0,330980,7.8792,,Q,1
361,0,3,"Skoog, Mr. Wilhelm",male,40.0,1,4,347088,27.9,,S,0
363,0,3,"Barbara, Mrs. (Catherine David)",female,45.0,0,1,2691,14.4542,,C,1
364,0,3,"Asim, Mr. Adola",male,35.0,0,0,SOTON/O.Q. 3101310,7.05,,S,0
365,0,3,"O'Brien, Mr. Thomas",male,,1,0,370365,15.5,,Q,0
366,0,3,"Adahl, Mr. Mauritz Nils Martin",male,30.0,0,0,C 7076,7.25,,S,0
367,1,1,"Warren, Mrs. Frank Manley (Anna Sophia Atkinson)",female,60.0,1,0,110813,75.25,D37,C,1
368,1,3,"Moussa, Mrs. (Mantoura Boulos)",female,,0,0,2626,7.2292,,C,1
369,1,3,"Jermyn, Miss. Annie",female,,0,0,14313,7.75,,Q,1
370,1,1,"Aubart, Mme. Leontine Pauline",female,24.0,0,0,PC 17477,69.3,B35,C,1
372,0,3,"Wiklund, Mr. Jakob Alfred",male,18.0,1,0,3101267,6.4958,,S,0
373,0,3,"Beavan, Mr. William Thomas",male,19.0,0,0,323951,8.05,,S,0
375,0,3,"Palsson, Miss. Stina Viola",female,3.0,3,1,349909,21.075,,S,1
376,1,1,"Meyer, Mrs. Edgar Joseph (Leila Saks)",female,,1,0,PC 17604,82.1708,,C,1
377,1,3,"Landergren, Miss. Aurora Adelia",female,22.0,0,0,C 7077,7.25,,S,1
379,0,3,"Betros, Mr. Tannous",male,20.0,0,0,2648,4.0125,,C,0
380,0,3,"Gustafsson, Mr. Karl Gideon",male,19.0,0,0,347069,7.775,,S,0
381,1,1,"Bidois, Miss. Rosalie",female,42.0,0,0,PC 17757,227.525,,C,1
382,1,3,"Nakid, Miss. Maria (""Mary"")",female,1.0,0,2,2653,15.7417,,C,1
383,0,3,"Tikkanen, Mr. Juho",male,32.0,0,0,STON/O 2. 3101293,7.925,,S,0
384,1,1,"Holverson, Mrs. Alexander Oskar (Mary Aline Towner)",female,35.0,1,0,113789,52.0,,S,1
385,0,3,"Plotcharsky, Mr. Vasil",male,,0,0,349227,7.8958,,S,0
387,0,3,"Goodwin, Master. Sidney Leonard",male,1.0,5,2,CA 2144,46.9,,S,1
389,0,3,"Sadlier, Mr. Matthew",male,,0,0,367655,7.7292,,Q,0
392,1,3,"Jansson, Mr. Carl Olof",male,21.0,0,0,350034,7.7958,,S,0
393,0,3,"Gustafsson, Mr. Johan Birger",male,28.0,2,0,3101277,7.925,,S,0
394,1,1,"Newell, Miss. Marjorie",female,23.0,1,0,35273,113.275,D36,C,1
395,1,3,"Sandstrom, Mrs. Hjalmar (Agnes Charlotta Bengtsson)",female,24.0,0,2,PP 9549,16.7,G6,S,1
396,0,3,"Johansson, Mr. Erik",male,22.0,0,0,350052,7.7958,,S,0
397,0,3,"Olsson, Miss. Elina",female,31.0,0,0,350407,7.8542,,S,1
401,1,3,"Niskanen, Mr. Juha",male,39.0,0,0,STON/O 2. 3101289,7.925,,S,0
402,0,3,"Adams, Mr. John",male,26.0,0,0,341826,8.05,,S,0
403,0,3,"Jussila, Miss. Mari Aina",female,21.0,1,0,4137,9.825,,S,1
404,0,3,"Hakkarainen, Mr. Pekka Pietari",male,28.0,1,0,STON/O2. 3101279,15.85,,S,0
405,0,3,"Oreskovic, Miss. Marija",female,20.0,0,0,315096,8.6625,,S,1
407,0,3,"Widegren, Mr. Carl/Charles Peter",male,51.0,0,0,347064,7.75,,S,0
409,0,3,"Birkeland, Mr. Hans Martin Monsen",male,21.0,0,0,312992,7.775,,S,0
410,0,3,"Lefebre, Miss. Ida",female,,3,1,4133,25.4667,,S,1
411,0,3,"Sdycoff, Mr. Todor",male,,0,0,349222,7.8958,,S,0
412,0,3,"Hart, Mr. Henry",male,,0,0,394140,6.8583,,Q,0
413,1,1,"Minahan, Miss. Daisy E",female,33.0,1,0,19928,90.0,C78,Q,1
415,1,3,"Sundman, Mr. Johan Julian",male,44.0,0,0,STON/O 2. 3101269,7.925,,S,0
416,0,3,"Meek, Mrs. Thomas (Annie Louise Rowley)",female,,0,0,343095,8.05,,S,1
420,0,3,"Van Impe, Miss. Catharina",female,10.0,0,2,345773,24.15,,S,1
421,0,3,"Gheorgheff, Mr. Stanio",male,,0,0,349254,7.8958,,C,0
422,0,3,"Charters, Mr. David",male,21.0,0,0,A/5. 13032,7.7333,,Q,0
423,0,3,"Zimmerman, Mr. Leo",male,29.0,0,0,315082,7.875,,S,0
424,0,3,"Danbom, Mrs. Ernst Gilbert (Anna Sigrid Maria Brogren)",female,28.0,1,1,347080,14.4,,S,1
425,0,3,"Rosblom, Mr. Viktor Richard",male,18.0,1,1,370129,20.2125,,S,0
426,0,3,"Wiseman, Mr. Phillippe",male,,0,0,A/4. 34244,7.25,,S,0
429,0,3,"Flynn, Mr. James",male,,0,0,364851,7.75,,Q,0
430,1,3,"Pickard, Mr. Berk (Berk Trembisky)",male,32.0,0,0,SOTON/O.Q. 392078,8.05,E10,S,0
432,1,3,"Thorneycroft, Mrs. Percival (Florence Kate White)",female,,1,0,376564,16.1,,S,1
434,0,3,"Kallio, Mr. Nikolai Erland",male,17.0,0,0,STON/O 2. 3101274,7.125,,S,0
436,1,1,"Carter, Miss. Lucile Polk",female,14.0,1,2,113760,120.0,B96 B98,S,1
437,0,3,"Ford, Miss. Doolina Margaret ""Daisy""",female,21.0,2,2,W./C. 6608,34.375,,S,1
442,0,3,"Hampe, Mr. Leon",male,20.0,0,0,345769,9.5,,S,0
443,0,3,"Petterson, Mr. Johan Emil",male,25.0,1,0,347076,7.775,,S,0
445,1,3,"Johannesen-Bratthammer, Mr. Bernt",male,,0,0,65306,8.1125,,S,0
449,1,3,"Baclini, Miss. Marie Catherine",female,5.0,2,1,2666,19.2583,,C,1
452,0,3,"Hagland, Mr. Ingvald Olai Olsen",male,,1,0,65303,19.9667,,S,0
455,0,3,"Peduzzi, Mr. Joseph",male,,0,0,A/5 2817,8.05,,S,0
456,1,3,"Jalsevac, Mr. Ivan",male,29.0,0,0,349240,7.8958,,C,0
458,1,1,"Kenyon, Mrs. Frederick R (Marion)",female,,1,0,17464,51.8625,D21,S,1
460,0,3,"O'Connor, Mr. Maurice",male,,0,0,371060,7.75,,Q,0
462,0,3,"Morley, Mr. William",male,34.0,0,0,364506,8.05,,S,0
465,0,3,"Maisner, Mr. Simon",male,,0,0,A/S 2816,8.05,,S,0
466,0,3,"Goncalves, Mr. Manuel Estanslas",male,38.0,0,0,SOTON/O.Q. 3101306,7.05,,S,0
469,0,3,"Scanlan, Mr. James",male,,0,0,36209,7.725,,Q,0
470,1,3,"Baclini, Miss. Helene Barbara",female,0.75,2,1,2666,19.2583,,C,1
471,0,3,"Keefe, Mr. Arthur",male,,0,0,323592,7.25,,S,0
472,0,3,"Cacic, Mr. Luka",male,38.0,0,0,315089,8.6625,,S,0
475,0,3,"Strandberg, Miss. Ida Sofia",female,22.0,0,0,7553,9.8375,,S,1
478,0,3,"Braund, Mr. Lewis Richard",male,29.0,1,0,3460,7.0458,,S,0
479,0,3,"Karlsson, Mr. Nils August",male,22.0,0,0,350060,7.5208,,S,0
480,1,3,"Hirvonen, Miss. Hildur E",female,2.0,0,1,3101298,12.2875,,S,1
481,0,3,"Goodwin, Master. Harold Victor",male,9.0,5,2,CA 2144,46.9,,S,1
483,0,3,"Rouse, Mr. Richard Henry",male,50.0,0,0,A/5 3594,8.05,,S,0
484,1,3,"Turkula, Mrs. (Hedwig)",female,63.0,0,0,4134,9.5875,,S,1
486,0,3,"Lefebre, Miss. Jeannie",female,,3,1,4133,25.4667,,S,1
487,1,1,"Hoyt, Mrs. Frederick Maxfield (Jane Anne Forby)",female,35.0,1,0,19943,90.0,C93,S,1
489,0,3,"Somerton, Mr. Francis William",male,30.0,0,0,A.5. 18509,8.05,,S,0
490,1,3,"Coutts, Master. Eden Leslie ""Neville""",male,9.0,1,1,C.A. 37671,15.9,,S,0
491,0,3,"Hagland, Mr. Konrad Mathias Reiersen",male,,1,0,65304,19.9667,,S,0
492,0,3,"Windelov, Mr. Einar",male,21.0,0,0,SOTON/OQ 3101317,7.25,,S,0
495,0,3,"Stanley, Mr. Edward Roland",male,21.0,0,0,A/4 45380,8.05,,S,0
496,0,3,"Yousseff, Mr. Gerious",male,,0,0,2627,14.4583,,C,0
497,1,1,"Eustis, Miss. Elizabeth Mussey",female,54.0,1,0,36947,78.2667,D20,C,1
498,0,3,"Shellard, Mr. Frederick William",male,,0,0,C.A. 6212,15.1,,S,0
499,0,1,"Allison, Mrs. Hudson J C (Bessie Waldo Daniels)",female,25.0,1,2,113781,151.55,C22 C26,S,1
500,0,3,"Svensson, Mr. Olof",male,24.0,0,0,350035,7.7958,,S,0
501,0,3,"Calic, Mr. Petar",male,17.0,0,0,315086,8.6625,,S,0
502,0,3,"Canavan, Miss. Mary",female,21.0,0,0,364846,7.75,,Q,1
503,0,3,"O'Sullivan, Miss. Bridget Mary",female,,0,0,330909,7.6292,,Q,1
504,0,3,"Laitinen, Miss. Kristina Sofia",female,37.0,0,0,4135,9.5875,,S,1
505,1,1,"Maioni, Miss. Roberta",female,16.0,0,0,110152,86.5,B79,S,1
509,0,3,"Olsen, Mr. Henry Margido",male,28.0,0,0,C 4001,22.525,,S,0
510,1,3,"Lang, Mr. Fang",male,26.0,0,0,1601,56.4958,,S,0
511,1,3,"Daly, Mr. Eugene Patrick",male,29.0,0,0,382651,7.75,,Q,0
512,0,3,"Webber, Mr. James",male,,0,0,SOTON/OQ 3101316,8.05,,S,0
514,1,1,"Rothschild, Mrs. Martin (Elizabeth L. Barrett)",female,54.0,1,0,PC 17603,59.4,,C,1
515,0,3,"Coleff, Mr. Satio",male,24.0,0,0,349209,7.4958,,S,0
518,0,3,"Ryan, Mr. Patrick",male,,0,0,371110,24.15,,Q,0
520,0,3,"Pavlovic, Mr. Stefo",male,32.0,0,0,349242,7.8958,,S,0
521,1,1,"Perreault, Miss. Anne",female,30.0,0,0,12749,93.5,B73,S,1
522,0,3,"Vovk, Mr. Janko",male,22.0,0,0,349252,7.8958,,S,0
523,0,3,"Lahoud, Mr. Sarkis",male,,0,0,2624,7.225,,C,0
524,1,1,"Hippach, Mrs. Louis Albert (Ida Sophia Fischer)",female,44.0,0,1,111361,57.9792,B18,C,1
525,0,3,"Kassem, Mr. Fared",male,,0,0,2700,7.2292,,C,0
526,0,3,"Farrell, Mr. James",male,40.5,0,0,367232,7.75,,Q,0
529,0,3,"Salonen, Mr. Johan Werner",male,39.0,0,0,3101296,7.925,,S,0
532,0,3,"Toufik, Mr. Nakli",male,,0,0,2641,7.2292,,C,0
533,0,3,"Elias, Mr. Joseph Jr",male,17.0,1,1,2690,7.2292,,C,0
534,1,3,"Peter, Mrs. Catherine (Catherine Rizk)",female,,0,2,2668,22.3583,,C,1
535,0,3,"Cacic, Miss. Marija",female,30.0,0,0,315084,8.6625,,S,1
538,1,1,"LeRoy, Miss. Bertha",female,30.0,0,0,PC 17761,106.425,,C,1
539,0,3,"Risien, Mr. Samuel Beard",male,,0,0,364498,14.5,,S,0
540,1,1,"Frolicher, Miss. Hedwig Margaritha",female,22.0,0,2,13568,49.5,B39,C,1
541,1,1,"Crosby, Miss. Harriet R",female,36.0,0,2,WE/P 5735,71.0,B22,S,1
542,0,3,"Andersson, Miss. Ingeborg Constanzia",female,9.0,4,2,347082,31.275,,S,1
543,0,3,"Andersson, Miss. Sigrid Elisabeth",female,11.0,4,2,347082,31.275,,S,1
549,0,3,"Goldsmith, Mr. Frank John",male,33.0,1,1,363291,20.525,,S,0
553,0,3,"O'Brien, Mr. Timothy",male,,0,0,330979,7.8292,,Q,0
554,1,3,"Leeni, Mr. Fahim (""Philip Zenni"")",male,22.0,0,0,2620,7.225,,C,0
555,1,3,"Ohman, Miss. Velin",female,22.0,0,0,347085,7.775,,S,1
557,1,1,"Duff Gordon, Lady. (Lucille Christiana Sutherland) (""Mrs Morgan"")",female,48.0,1,0,11755,39.6,A16,C,1
559,1,1,"Taussig, Mrs. Emil (Tillie Mandelbaum)",female,39.0,1,1,110413,79.65,E67,S,1
560,1,3,"de Messemaeker, Mrs. Guillaume Joseph (Emma)",female,36.0,1,0,345572,17.4,,S,1
561,0,3,"Morrow, Mr. Thomas Rowan",male,,0,0,372622,7.75,,Q,0
562,0,3,"Sivic, Mr. Husein",male,40.0,0,0,349251,7.8958,,S,0
564,0,3,"Simmons, Mr. John",male,,0,0,SOTON/OQ 392082,8.05,,S,0
565,0,3,"Meanwell, Miss. (Marion Ogden)",female,,0,0,SOTON/O.Q. 392087,8.05,,S,1
566,0,3,"Davies, Mr. Alfred J",male,24.0,2,0,A/4 48871,24.15,,S,0
567,0,3,"Stoytcheff, Mr. Ilia",male,19.0,0,0,349205,7.8958,,S,0
568,0,3,"Palsson, Mrs. Nils (Alma Cornelia Berglund)",female,29.0,0,4,349909,21.075,,S,1
569,0,3,"Doharr, Mr. Tannous",male,,0,0,2686,7.2292,,C,0
570,1,3,"Jonsson, Mr. Carl",male,32.0,0,0,350417,7.8542,,S,0
572,1,1,"Appleton, Mrs. Edward Dale (Charlotte Lamson)",female,53.0,2,0,11769,51.4792,C101,S,1
574,1,3,"Kelly, Miss. Mary",female,,0,0,14312,7.75,,Q,1
575,0,3,"Rush, Mr. Alfred George John",male,16.0,0,0,A/4. 20589,8.05,,S,0
576,0,3,"Patchett, Mr. George",male,19.0,0,0,358585,14.5,,S,0
578,1,1,"Silvey, Mrs. William Baird (Alice Munger)",female,39.0,1,0,13507,55.9,E44,S,1
579,0,3,"Caram, Mrs. Joseph (Maria Elias)",female,,1,0,2689,14.4583,,C,1
580,1,3,"Jussila, Mr. Eiriik",male,32.0,0,0,STON/O 2. 3101286,7.925,,S,0
582,1,1,"Thayer, Mrs. John Borland (Marian Longstreth Morris)",female,39.0,1,1,17421,110.8833,C68,C,1
585,0,3,"Paulner, Mr. Uscher",male,,0,0,3411,8.7125,,C,0
586,1,1,"Taussig, Miss. Ruth",female,18.0,0,2,110413,79.65,E68,S,1
589,0,3,"Gilinski, Mr. Eliezer",male,22.0,0,0,14973,8.05,,S,0
590,0,3,"Murdlin, Mr. Joseph",male,,0,0,A./5. 3235,8.05,,S,0
591,0,3,"Rintamaki, Mr. Matti",male,35.0,0,0,STON/O 2. 3101273,7.125,,S,0
592,1,1,"Stephenson, Mrs. Walter Bertram (Martha Eustis)",female,52.0,1,0,36947,78.2667,D20,C,1
593,0,3,"Elsbury, Mr. William James",male,47.0,0,0,A/5 3902,7.25,,S,0
594,0,3,"Bourke, Miss. Mary",female,,0,2,364848,7.75,,Q,1
596,0,3,"Van Impe, Mr. Jean Baptiste",male,36.0,1,1,345773,24.15,,S,0
598,0,3,"Johnson, Mr. Alfred",male,49.0,0,0,LINE,0.0,,S,0
599,0,3,"Boulos, Mr. Hanna",male,,0,0,2664,7.225,,C,0
602,0,3,"Slabenoff, Mr. Petco",male,,0,0,349214,7.8958,,S,0
604,0,3,"Torber, Mr. Ernst William",male,44.0,0,0,364511,8.05,,S,0
606,0,3,"Lindell, Mr. Edvard Bengtsson",male,36.0,1,0,349910,15.55,,S,0
607,0,3,"Karaic, Mr. Milan",male,30.0,0,0,349246,7.8958,,S,0
610,1,1,"Shutes, Miss. Elizabeth W",female,40.0,0,0,PC 17582,153.4625,C125,S,1
611,0,3,"Andersson, Mrs. Anders Johan (Alfrida Konstantia Brogren)",female,39.0,1,5,347082,31.275,,S,1
612,0,3,"Jardin, Mr. Jose Neto",male,,0,0,SOTON/O.Q. 3101305,7.05,,S,0
613,1,3,"Murphy, Miss. Margaret Jane",female,,1,0,367230,15.5,,Q,1
614,0,3,"Horgan, Mr. John",male,,0,0,370377,7.75,,Q,0
615,0,3,"Brocklebank, Mr. William Alfred",male,35.0,0,0,364512,8.05,,S,0
617,0,3,"Danbom, Mr. Ernst Gilbert",male,34.0,1,1,347080,14.4,,S,0
618,0,3,"Lobb, Mrs. William Arthur (Cordelia K Stanlick)",female,26.0,1,0,A/5. 3336,16.1,,S,1
621,0,3,"Yasbeck, Mr. Antoni",male,27.0,1,0,2659,14.4542,,C,0
623,1,3,"Nakid, Mr. Sahid",male,20.0,1,1,2653,15.7417,,C,0
624,0,3,"Hansen, Mr. Henry Damsgaard",male,21.0,0,0,350029,7.8542,,S,0
625,0,3,"Bowen, Mr. David John ""Dai""",male,21.0,0,0,54636,16.1,,S,0
628,1,1,"Longley, Miss. Gretchen Fiske",female,21.0,0,0,13502,77.9583,D9,S,1
629,0,3,"Bostandyeff, Mr. Guentcho",male,26.0,0,0,349224,7.8958,,S,0
630,0,3,"O'Connell, Mr. Patrick D",male,,0,0,334912,7.7333,,Q,0
632,0,3,"Lundahl, Mr. Johan Svensson",male,51.0,0,0,347743,7.0542,,S,0
635,0,3,"Skoog, Miss. Mabel",female,9.0,3,2,347088,27.9,,S,1
637,0,3,"Leinonen, Mr. Antti Gustaf",male,32.0,0,0,STON/O 2. 3101292,7.925,,S,0
639,0,3,"Panula, Mrs. Juha (Maria Emilia Ojala)",female,41.0,0,5,3101295,39.6875,,S,1
640,0,3,"Thorneycroft, Mr. Percival",male,,1,0,376564,16.1,,S,0
641,0,3,"Jensen, Mr. Hans Peder",male,20.0,0,0,350050,7.8542,,S,0
642,1,1,"Sagesser, Mlle. Emma",female,24.0,0,0,PC 17477,69.3,B35,C,1
643,0,3,"Skoog, Miss. Margit Elizabeth",female,2.0,3,2,347088,27.9,,S,1
644,1,3,"Foo, Mr. Choong",male,,0,0,1601,56.4958,,S,0
645,1,3,"Baclini, Miss. Eugenie",female,0.75,2,1,2666,19.2583,,C,1
647,0,3,"Cor, Mr. Liudevit",male,19.0,0,0,349231,7.8958,,S,0
649,0,3,"Willey, Mr. Edward",male,,0,0,S.O./P.P. 751,7.55,,S,0
650,1,3,"Stanley, Miss. Amy Zillah Elsie",female,23.0,0,0,CA. 2314,7.55,,S,1
651,0,3,"Mitkoff, Mr. Mito",male,,0,0,349221,7.8958,,S,0
653,0,3,"Kalvik, Mr. Johannes Halvorsen",male,21.0,0,0,8475,8.4333,,S,0
654,1,3,"O'Leary, Miss. Hanora ""Norah""",female,,0,0,330919,7.8292,,Q,1
655,0,3,"Hegarty, Miss. Hanora ""Nora""",female,18.0,0,0,365226,6.75,,Q,1
657,0,3,"Radeff, Mr. Alexander",male,,0,0,349223,7.8958,,S,0
658,0,3,"Bourke, Mrs. John (Catherine)",female,32.0,1,1,364849,15.5,,Q,1
662,0,3,"Badt, Mr. Mohamed",male,40.0,0,0,2623,7.225,,C,0
664,0,3,"Coleff, Mr. Peju",male,36.0,0,0,349210,7.4958,,S,0
665,1,3,"Lindqvist, Mr. Eino William",male,20.0,1,0,STON/O 2. 3101285,7.925,,S,0
668,0,3,"Rommetvedt, Mr. Knud Paust",male,,0,0,312993,7.775,,S,0
669,0,3,"Cook, Mr. Jacob",male,43.0,0,0,A/5 3536,8.05,,S,0
670,1,1,"Taylor, Mrs. Elmer Zebley (Juliet Cummins Wright)",female,,1,0,19996,52.0,C126,S,1
676,0,3,"Edvardsson, Mr. Gustaf Hjalmar",male,18.0,0,0,349912,7.775,,S,0
677,0,3,"Sawyer, Mr. Frederick Charles",male,24.5,0,0,342826,8.05,,S,0
678,1,3,"Turja, Miss. Anna Sofia",female,18.0,0,0,4138,9.8417,,S,1
679,0,3,"Goodwin, Mrs. Frederick (Augusta Tyler)",female,43.0,1,6,CA 2144,46.9,,S,1
681,0,3,"Peters, Miss. Katie",female,,0,0,330935,8.1375,,Q,1
683,0,3,"Olsvigen, Mr. Thor Anderson",male,20.0,0,0,6563,9.225,,S,0
684,0,3,"Goodwin, Mr. Charles Edward",male,14.0,5,2,CA 2144,46.9,,S,0
687,0,3,"Panula, Mr. Jaako Arnold",male,14.0,4,1,3101295,39.6875,,S,0
688,0,3,"Dakic, Mr. Branko",male,19.0,0,0,349228,10.1708,,S,0
689,0,3,"Fischer, Mr. Eberhard Thelander",male,18.0,0,0,350036,7.7958,,S,0
690,1,1,"Madill, Miss. Georgette Alexandra",female,15.0,0,1,24160,211.3375,B5,S,1
692,1,3,"Karun, Miss. Manca",female,4.0,0,1,349256,13.4167,,C,1
693,1,3,"Lam, Mr. Ali",male,,0,0,1601,56.4958,,S,0
694,0,3,"Saad, Mr. Khalil",male,25.0,0,0,2672,7.225,,C,0
697,0,3,"Kelly, Mr. James",male,44.0,0,0,363592,8.05,,S,0
698,1,3,"Mullens, Miss. Katherine ""Katie""",female,,0,0,35852,7.7333,,Q,1
700,0,3,"Humblen, Mr. Adolf Mathias Nicolai Olsen",male,42.0,0,0,348121,7.65,F G63,S,0
701,1,1,"Astor, Mrs. John Jacob (Madeleine Talmadge Force)",female,18.0,1,0,PC 17757,227.525,C62 C64,C,1
703,0,3,"Barbara, Miss. Saiide",female,18.0,0,1,2691,14.4542,,C,1
704,0,3,"Gallagher, Mr. Martin",male,25.0,0,0,36864,7.7417,,Q,0
705,0,3,"Hansen, Mr. Henrik Juul",male,26.0,1,0,350025,7.8542,,S,0
709,1,1,"Cleaver, Miss. Alice",female,22.0,0,0,113781,151.55,,S,1
710,1,3,"Moubarek, Master. Halim Gonios (""William George"")",male,,1,1,2661,15.2458,,C,0
711,1,1,"Mayne, Mlle. Berthe Antonine (""Mrs de Villiers"")",female,24.0,0,0,PC 17482,49.5042,C90,C,1
714,0,3,"Larsson, Mr. August Viktor",male,29.0,0,0,7545,9.4833,,S,0
716,0,3,"Soholt, Mr. Peter Andreas Lauritz Andersen",male,19.0,0,0,348124,7.65,F G73,S,0
717,1,1,"Endres, Miss. Caroline Louise",female,38.0,0,0,PC 17757,227.525,C45,C,1
719,0,3,"McEvoy, Mr. Michael",male,,0,0,36568,15.5,,Q,0
720,0,3,"Johnson, Mr. Malkolm Joackim",male,33.0,0,0,347062,7.775,,S,0
722,0,3,"Jensen, Mr. Svend Lauritz",male,17.0,1,0,350048,7.0542,,S,0
726,0,3,"Oreskovic, Mr. Luka",male,20.0,0,0,315094,8.6625,,S,0
728,1,3,"Mannion, Miss. Margareth",female,,0,0,36866,7.7375,,Q,1
730,0,3,"Ilmakangas, Miss. Pieta Sofia",female,25.0,1,0,STON/O2. 3101271,7.925,,S,1
731,1,1,"Allen, Miss. Elisabeth Walton",female,29.0,0,0,24160,211.3375,B5,S,1
732,0,3,"Hassan, Mr. Houssein G N",male,11.0,0,0,2699,18.7875,,C,0
736,0,3,"Williams, Mr. Leslie",male,28.5,0,0,54636,16.1,,S,0
737,0,3,"Ford, Mrs. Edward (Margaret Ann Watson)",female,48.0,1,3,W./C. 6608,34.375,,S,1
739,0,3,"Ivanoff, Mr. Kanio",male,,0,0,349201,7.8958,,S,0
740,0,3,"Nankoff, Mr. Minko",male,,0,0,349218,7.8958,,S,0
743,1,1,"Ryerson, Miss. Susan Parker ""Suzette""",female,21.0,2,2,PC 17608,262.375,B57 B59 B63 B66,C,1
744,0,3,"McNamee, Mr. Neal",male,24.0,1,0,376566,16.1,,S,0
745,1,3,"Stranden, Mr. Juho",male,31.0,0,0,STON/O 2. 3101288,7.925,,S,0
747,0,3,"Abbott, Mr. Rossmore Edward",male,16.0,1,1,C.A. 2673,20.25,,S,0
750,0,3,"Connaghton, Mr. Michael",male,31.0,0,0,335097,7.75,,Q,0
752,1,3,"Moor, Master. Meier",male,6.0,0,1,392096,12.475,E121,S,0
753,0,3,"Vande Velde, Mr. Johannes Joseph",male,33.0,0,0,345780,9.5,,S,0
754,0,3,"Jonkoff, Mr. Lalio",male,23.0,0,0,349204,7.8958,,S,0
757,0,3,"Carlsson, Mr. August Sigfrid",male,28.0,0,0,350042,7.7958,,S,0
759,0,3,"Theobald, Mr. Thomas Leonard",male,34.0,0,0,363294,8.05,,S,0
760,1,1,"Rothes, the Countess. of (Lucy Noel Martha Dyer-Edwards)",female,33.0,0,0,110152,86.5,B77,S,1
761,0,3,"Garfirth, Mr. John",male,,0,0,358585,14.5,,S,0
762,0,3,"Nirva, Mr. Iisakki Antino Aijo",male,41.0,0,0,SOTON/O2 3101272,7.125,,S,0
763,1,3,"Barah, Mr. Hanna Assi",male,20.0,0,0,2663,7.2292,,C,0
764,1,1,"Carter, Mrs. William Ernest (Lucile Polk)",female,36.0,1,2,113760,120.0,B96 B98,S,1
765,0,3,"Eklund, Mr. Hans Linus",male,16.0,0,0,347074,7.775,,S,0
766,1,1,"Hogeboom, Mrs. John C (Anna Andrews)",female,51.0,1,0,13502,77.9583,D11,S,1
768,0,3,"Mangan, Miss. Mary",female,30.5,0,0,364850,7.75,,Q,1
769,0,3,"Moran, Mr. Daniel J",male,,1,0,371110,24.15,,Q,0
770,0,3,"Gronnestad, Mr. Daniel Danielsen",male,32.0,0,0,8471,8.3625,,S,0
771,0,3,"Lievens, Mr. Rene Aime",male,24.0,0,0,345781,9.5,,S,0
772,0,3,"Jensen, Mr. Niels Peder",male,48.0,0,0,350047,7.8542,,S,0
774,0,3,"Elias, Mr. Dibo",male,,0,0,2674,7.225,,C,0
776,0,3,"Myhrman, Mr. Pehr Fabian Oliver Malkolm",male,18.0,0,0,347078,7.75,,S,0
777,0,3,"Tobin, Mr. Roger",male,,0,0,383121,7.75,F38,Q,0
778,1,3,"Emanuel, Miss. Virginia Ethel",female,5.0,0,0,364516,12.475,,S,1
779,0,3,"Kilgannon, Mr. Thomas J",male,,0,0,36865,7.7375,,Q,0
780,1,1,"Robert, Mrs. Edward Scott (Elisabeth Walton McMillan)",female,43.0,0,1,24160,211.3375,B3,S,1
781,1,3,"Ayoub, Miss. Banoura",female,13.0,0,0,2687,7.2292,,C,1
782,1,1,"Dick, Mrs. Albert Adrian (Vera Gillespie)",female,17.0,1,0,17474,57.0,B20,S,1
784,0,3,"Johnston, Mr. Andrew G",male,,1,2,W./C. 6607,23.45,,S,0
785,0,3,"Ali, Mr. William",male,25.0,0,0,SOTON/O.Q. 3101312,7.05,,S,0
786,0,3,"Harmer, Mr. Abraham (David Lishin)",male,25.0,0,0,374887,7.25,,S,0
787,1,3,"Sjoblom, Miss. Anna Sofia",female,18.0,0,0,3101265,7.4958,,S,1
788,0,3,"Rice, Master. George Hugh",male,8.0,4,1,382652,29.125,,Q,0
789,1,3,"Dean, Master. Bertram Vere",male,1.0,1,2,C.A. 2315,20.575,,S,0
791,0,3,"Keane, Mr. Andrew ""Andy""",male,,0,0,12460,7.75,,Q,0
793,0,3,"Sage, Miss. Stella Anna",female,,8,2,CA. 2343,69.55,,S,1
795,0,3,"Dantcheff, Mr. Ristiu",male,25.0,0,0,349203,7.8958,,S,0
797,1,1,"Leader, Dr. Alice (Farnham)",female,49.0,0,0,17465,25.9292,D17,S,1
798,1,3,"Osman, Mrs. Mara",female,31.0,0,0,349244,8.6833,,S,1
799,0,3,"Ibrahim Shawah, Mr. Yousseff",male,30.0,0,0,2685,7.2292,,C,0
800,0,3,"Van Impe, Mrs. Jean Baptiste (Rosalie Paula Govaert)",female,30.0,1,1,345773,24.15,,S,1
804,1,3,"Thomas, Master. Assad Alexander",male,0.42,0,1,2625,8.5167,,C,0
805,1,3,"Hedman, Mr. Oskar Arvid",male,27.0,0,0,347089,6.975,,S,0
806,0,3,"Johansson, Mr. Karl Johan",male,31.0,0,0,347063,7.775,,S,0
808,0,3,"Pettersson, Miss. Ellen Natalia",female,18.0,0,0,347087,7.775,,S,1
810,1,1,"Chambers, Mrs. Norman Campbell (Bertha Griggs)",female,33.0,1,0,113806,53.1,E8,S,1
811,0,3,"Alexander, Mr. William",male,26.0,0,0,3474,7.8875,,S,0
812,0,3,"Lester, Mr. James",male,39.0,0,0,A/4 48871,24.15,,S,0
814,0,3,"Andersson, Miss. Ebba Iris Alfrida",female,6.0,4,2,347082,31.275,,S,1
815,0,3,"Tomlin, Mr. Ernest Portage",male,30.5,0,0,364499,8.05,,S,0
817,0,3,"Heininen, Miss. Wendla Maria",female,23.0,0,0,STON/O2. 3101290,7.925,,S,1
819,0,3,"Holm, Mr. John Fredrik Alexander",male,43.0,0,0,C 7075,6.45,,S,0
820,0,3,"Skoog, Master. Karl Thorsten",male,10.0,3,2,347088,27.9,,S,0
821,1,1,"Hays, Mrs. Charles Melville (Clara Jennings Gregg)",female,52.0,1,1,12749,93.5,B69,S,1
822,1,3,"Lulic, Mr. Nikola",male,27.0,0,0,315098,8.6625,,S,0
824,1,3,"Moor, Mrs. (Beila)",female,27.0,0,1,392096,12.475,E121,S,1
825,0,3,"Panula, Master. Urho Abraham",male,2.0,4,1,3101295,39.6875,,S,0
826,0,3,"Flynn, Mr. John",male,,0,0,368323,6.95,,Q,0
827,0,3,"Lam, Mr. Len",male,,0,0,1601,56.4958,,S,0
829,1,3,"McCormack, Mr. Thomas Joseph",male,,0,0,367228,7.75,,Q,0
830,1,1,"Stone, Mrs. George Nelson (Martha Evelyn)",female,62.0,0,0,113572,80.0,B28,,1
831,1,3,"Yasbeck, Mrs. Antoni (Selini Alexander)",female,15.0,1,0,2659,14.4542,,C,1
833,0,3,"Saad, Mr. Amin",male,,0,0,2671,7.2292,,C,0
834,0,3,"Augustsson, Mr. Albert",male,23.0,0,0,347468,7.8542,,S,0
835,0,3,"Allum, Mr. Owen George",male,18.0,0,0,2223,8.3,,S,0
836,1,1,"Compton, Miss. Sara Rebecca",female,39.0,1,1,PC 17756,83.1583,E49,C,1
837,0,3,"Pasic, Mr. Jakob",male,21.0,0,0,315097,8.6625,,S,0
838,0,3,"Sirota, Mr. Maurice",male,,0,0,392092,8.05,,S,0
839,1,3,"Chip, Mr. Chang",male,32.0,0,0,1601,56.4958,,S,0
841,0,3,"Alhomaki, Mr. Ilmari Rudolf",male,20.0,0,0,SOTON/O2 3101287,7.925,,S,0
843,1,1,"Serepeca, Miss. Augusta",female,30.0,0,0,113798,31.0,,C,1
844,0,3,"Lemberopolous, Mr. Peter L",male,34.5,0,0,2683,6.4375,,C,0
845,0,3,"Culumovic, Mr. Jeso",male,17.0,0,0,315090,8.6625,,S,0
846,0,3,"Abbing, Mr. Anthony",male,42.0,0,0,C.A. 5547,7.55,,S,0
847,0,3,"Sage, Mr. Douglas Bullen",male,,8,2,CA. 2343,69.55,,S,1
848,0,3,"Markoff, Mr. Marin",male,35.0,0,0,349213,7.8958,,C,0
850,1,1,"Goldenberg, Mrs. Samuel L (Edwiga Grabowska)",female,,1,0,17453,89.1042,C92,C,1
851,0,3,"Andersson, Master. Sigvard Harald Elias",male,4.0,4,2,347082,31.275,,S,0
852,0,3,"Svensson, Mr. Johan",male,74.0,0,0,347060,7.775,,S,0
853,0,3,"Boulos, Miss. Nourelain",female,9.0,1,1,2678,15.2458,,C,1
854,1,1,"Lines, Miss. Mary Conover",female,16.0,0,1,PC 17592,39.4,D28,S,1
856,1,3,"Aks, Mrs. Sam (Leah Rosen)",female,18.0,0,1,392091,9.35,,S,1
857,1,1,"Wick, Mrs. George Dennick (Mary Hitchcock)",female,45.0,1,1,36928,164.8667,,S,1
859,1,3,"Baclini, Mrs. Solomon (Latifa Qurban)",female,24.0,0,3,2666,19.2583,,C,1
860,0,3,"Razi, Mr. Raihed",male,,0,0,2629,7.2292,,C,0
861,0,3,"Hansen, Mr. Claus Peter",male,41.0,2,0,350026,14.1083,,S,0
863,1,1,"Swift, Mrs. Frederick Joel (Margaret Welles Barron)",female,48.0,0,0,17466,25.9292,D17,S,1
864,0,3,"Sage, Miss. Dorothy Edith ""Dolly""",female,,8,2,CA. 2343,69.55,,S,1
869,0,3,"van Melkebeke, Mr. Philemon",male,,0,0,345777,9.5,,S,0
870,1,3,"Johnson, Master. Harold Theodor",male,4.0,1,1,347742,11.1333,,S,0
871,0,3,"Balkic, Mr. Cerin",male,26.0,0,0,349248,7.8958,,S,0
872,1,1,"Beckwith, Mrs. Richard Leonard (Sallie Monypeny)",female,47.0,1,1,11751,52.5542,D35,S,1
874,0,3,"Vander Cruyssen, Mr. Victor",male,47.0,0,0,345765,9.0,,S,0
876,1,3,"Najib, Miss. Adele Kiamie ""Jane""",female,15.0,0,0,2667,7.225,,C,1
877,0,3,"Gustafsson, Mr. Alfred Ossian",male,20.0,0,0,7534,9.8458,,S,0
878,0,3,"Petroff, Mr. Nedelio",male,19.0,0,0,349212,7.8958,,S,0
879,0,3,"Laleff, Mr. Kristo",male,,0,0,349217,7.8958,,S,0
880,1,1,"Potter, Mrs. Thomas Jr (Lily Alexenia Wilson)",female,56.0,0,1,11767,83.1583,C50,C,1
882,0,3,"Markun, Mr. Johann",male,33.0,0,0,349257,7.8958,,S,0
883,0,3,"Dahlberg, Miss. Gerda Ulrika",female,22.0,0,0,7552,10.5167,,S,1
885,0,3,"Sutehall, Mr. Henry Jr",male,25.0,0,0,SOTON/OQ 392076,7.05,,S,0
886,0,3,"Rice, Mrs. William (Margaret Norton)",female,39.0,0,5,382652,29.125,,Q,1
888,1,1,"Graham, Miss. Margaret Edith",female,19.0,0,0,112053,30.0,B42,S,1
889,0,3,"Johnston, Miss. Catherine Helen ""Carrie""",female,,1,2,W./C. 6607,23.45,,S,1
891,0,3,"Dooley, Mr. Patrick",male,32.0,0,0,370376,7.75,,Q,0
